<?xml version="1.0" encoding="UTF-8" standalone="no"?>
<feature id="org.wso2.carbon.gateway.inbounds.http" label="WSO2 Carbon - Gateway HTTP Inbound Feature" provider-name="%providerName" version="1.0.0.SNAPSHOT">
  <description>This feature contains the core bundles required by the HTTP Inbound Endpoint</description>
  <copyright>%copyright</copyright>
  <license url="%licenseURL">%license</license>
  <plugin id="org.wso2.carbon.gateway.inbounds.http" unpack="false" version="1.0.0.SNAPSHOT"/>
  <require/>
</feature>
