<?xml version="1.0" encoding="UTF-8" standalone="no"?>
<feature id="org.wso2.carbon.gateway.core" label="WSO2 Carbon - Gateway Core Feature" provider-name="%providerName" version="1.0.0.SNAPSHOT">
  <description>This feature contains the core bundles required by the Gateway Core</description>
  <copyright>%copyright</copyright>
  <license url="%licenseURL">%license</license>
  <plugin id="antlr4-runtime" unpack="false" version="4.5.1.wso2v1"/>
  <plugin id="org.eclipse.osgi" unpack="false" version="3.10.2.v20150203-1939"/>
  <plugin id="org.apache.commons.validator" unpack="false" version="1.5.0"/>
  <plugin id="slf4j.log4j12" unpack="false" version="1.7.5"/>
  <plugin id="org.apache.commons.collections" unpack="false" version="3.2.2"/>
  <plugin id="org.apache.commons.beanutils" unpack="false" version="1.8.3"/>
  <plugin id="org.wso2.carbon.gateway.core" unpack="false" version="1.0.0.SNAPSHOT"/>
  <plugin id="org.apache.httpcomponents.httpcore" unpack="false" version="4.4.4"/>
  <plugin id="slf4j.api" unpack="false" version="1.7.5"/>
  <plugin id="org.wso2.carbon.deployment.engine" unpack="false" version="5.0.0"/>
  <plugin id="org.apache.commons.digester" unpack="false" version="1.8.1"/>
  <plugin id="org.apache.commons.logging" unpack="false" version="1.2.0"/>
  <plugin id="org.eclipse.osgi.services" unpack="false" version="3.4.0.v20140312-2051"/>
  <plugin id="org.apache.httpcomponents.httpclient" unpack="false" version="4.5.2"/>
  <plugin id="org.wso2.carbon.gateway.httploadbalancer" unpack="false" version="1.0.0.SNAPSHOT"/>
  <require/>
</feature>
