<?xml version="1.0" encoding="UTF-8" standalone="no"?>
<feature id="org.wso2.carbon.gateway.message.readers.xmlreader" label="WSO2 Carbon - Gateway XML Reader Feature" provider-name="%providerName" version="1.0.0.SNAPSHOT">
  <description>This feature contains the core bundles required by the XML Reader</description>
  <copyright>%copyright</copyright>
  <license url="%licenseURL">%license</license>
  <plugin id="org.apache.geronimo.specs.geronimo-javamail_1.4_spec" unpack="false" version="1.6"/>
  <plugin id="org.apache.geronimo.specs.geronimo-stax-api_1.0_spec" unpack="false" version="1.0.1"/>
  <plugin id="org.apache.ws.commons.axiom.axiom-api" unpack="false" version="1.2.11.wso2v10"/>
  <plugin id="org.wso2.carbon.gateway.message.readers.xmlreader" unpack="false" version="1.0.0.SNAPSHOT"/>
  <plugin id="jaxen" unpack="false" version="1.1.6"/>
  <plugin id="org.apache.ws.commons.axiom.axiom-dom" unpack="false" version="1.2.11.wso2v10"/>
  <plugin id="org.apache.ws.commons.axiom.axiom-impl" unpack="false" version="1.2.11.wso2v10"/>
  <require/>
</feature>
