<?xml version="1.0" encoding="UTF-8" standalone="no"?>
<feature id="org.wso2.carbon.transport.http.netty.statistics" label="WSO2 Carbon Transport HTTP Netty Statistics Feature" provider-name="%providerName" version="2.1.2">
  <description>WSO2 is an open source application development software company focused on providing service-oriented
        architecture solutions for professional developers.</description>
  <copyright>%copyright</copyright>
  <license url="%licenseURL">%license</license>
  <plugin id="org.wso2.carbon.transport.http.netty.statistics" unpack="false" version="2.1.2"/>
  <require>
    <import feature="org.wso2.carbon.metrics.core" match="compatible" version="2.0.0"/>
    <import feature="org.wso2.carbon.transport.http.netty" match="compatible" version="2.1.2"/>
  </require>
</feature>
