<?xml version="1.0" encoding="UTF-8" standalone="no"?>
<feature id="org.wso2.carbon.gateway.mediators.xmltojsontestmediator" label="WSO2 Gateway - XML to JSON Test Mediator Feature" provider-name="%providerName" version="1.0.0.SNAPSHOT">
  <description>WSO2 is an open source application development software company focused on providing service-oriented
        architecture solutions for professional developers.</description>
  <copyright>%copyright</copyright>
  <license url="%licenseURL">%license</license>
  <plugin id="org.wso2.carbon.gateway.mediators.xmltojsontestmediator" unpack="false" version="1.0.0.SNAPSHOT"/>
  <require/>
</feature>
