<?xml version="1.0" encoding="UTF-8"?>
<config date="1471681885715" transient="false">
	<site updateable="true" url="platform:/base/" enabled="true" policy="USER-EXCLUDE">
		<feature id="org.wso2.carbon.runtime" version="5.1.0" url="features/org.wso2.carbon.runtime_5.1.0/">
		</feature>
		<feature id="org.wso2.carbon.gateway.mediators.samplemediator" version="1.0.0.SNAPSHOT" url="features/org.wso2.carbon.gateway.mediators.samplemediator_1.0.0.SNAPSHOT/">
		</feature>
		<feature id="org.wso2.carbon.gateway.message.readers.jsonreader" version="1.0.0.SNAPSHOT" url="features/org.wso2.carbon.gateway.message.readers.jsonreader_1.0.0.SNAPSHOT/">
		</feature>
		<feature id="org.wso2.carbon.gateway.converters.xmltojson" version="1.0.0.SNAPSHOT" url="features/org.wso2.carbon.gateway.converters.xmltojson_1.0.0.SNAPSHOT/">
		</feature>
		<feature id="org.wso2.carbon.gateway.message.readers.xmlreader" version="1.0.0.SNAPSHOT" url="features/org.wso2.carbon.gateway.message.readers.xmlreader_1.0.0.SNAPSHOT/">
		</feature>
		<feature id="org.wso2.carbon.gateway.core" version="1.0.0.SNAPSHOT" url="features/org.wso2.carbon.gateway.core_1.0.0.SNAPSHOT/">
		</feature>
		<feature id="org.wso2.carbon.metrics.core" version="2.0.0" url="features/org.wso2.carbon.metrics.core_2.0.0/">
		</feature>
		<feature id="org.wso2.carbon.gateway.mediators.jsontoxmltestmediator" version="1.0.0.SNAPSHOT" url="features/org.wso2.carbon.gateway.mediators.jsontoxmltestmediator_1.0.0.SNAPSHOT/">
		</feature>
		<feature id="org.wso2.carbon.kernel" version="5.1.0" url="features/org.wso2.carbon.kernel_5.1.0/">
		</feature>
		<feature id="org.wso2.carbon.transport.http.netty.statistics" version="2.1.2" url="features/org.wso2.carbon.transport.http.netty.statistics_2.1.2/">
		</feature>
		<feature id="org.wso2.carbon.gateway.outbounds.http" version="1.0.0.SNAPSHOT" url="features/org.wso2.carbon.gateway.outbounds.http_1.0.0.SNAPSHOT/">
		</feature>
		<feature id="org.wso2.carbon.gateway.converters.jsontoxml" version="1.0.0.SNAPSHOT" url="features/org.wso2.carbon.gateway.converters.jsontoxml_1.0.0.SNAPSHOT/">
		</feature>
		<feature id="org.wso2.carbon.gateway.inbounds.http" version="1.0.0.SNAPSHOT" url="features/org.wso2.carbon.gateway.inbounds.http_1.0.0.SNAPSHOT/">
		</feature>
		<feature id="org.wso2.carbon.gateway.mediators.xmltojsontestmediator" version="1.0.0.SNAPSHOT" url="features/org.wso2.carbon.gateway.mediators.xmltojsontestmediator_1.0.0.SNAPSHOT/">
		</feature>
		<feature id="org.wso2.carbon.messaging" version="1.0.4" url="features/org.wso2.carbon.messaging_1.0.4/">
		</feature>
		<feature id="org.wso2.carbon.transport.http.netty" version="2.1.2" url="features/org.wso2.carbon.transport.http.netty_2.1.2/">
		</feature>
	</site>
</config>
